{"01ee04e1-38b0-9ea0-c906-e9d57f619319":"/pages/syllabus/data.json","055a6a4e-4abd-91c3-6e69-fb5bc0e07a03":"/pages/lectures-and-assignments/core-c-control-structures-variables-scope-and-uninitialized-memory/data.json","076c771c-7ffa-e45c-12d6-dc93183b9d9b":"/resources/mit6_s096_iap13_lec4/data.json","114879f1-1ff6-4d68-0d8f-e605461ccbb8":"/resources/lab1/data.json","16c065ed-11ff-2203-60ba-6190d4a8bc4d":"/resources/line/data.json","1a29a40f-d23c-64f5-f090-c8fa9f22ebc9":"/resources/mit6_s096_iap13_lec8/data.json","1d0729a5-9d9f-5e99-126f-6cea8d53b518":"/pages/lectures-and-assignments/data.json","1ed37da3-0038-da42-28ab-883e53ee483f":"/resources/mit6_s096_iap13_lec7/data.json","23c7e004-be62-3fe6-f467-62154c908d8f":"/resources/rps/data.json","28cf127c-dbcf-78a7-1f82-4241bee5be86":"/resources/search_tree/data.json","3e02d378-3834-74f6-62b3-fb1758aa1c17":"/resources/mit6_s096_iap13_lec5/data.json","3f0a785b-70bb-2432-6d3a-84cf55dc0c3a":"/resources/resize/data.json","43e815cb-25bc-972c-4ad2-bcd5545036c5":"/pages/final-project/data.json","4ad96743-16e7-41fe-0189-fe0d571beed8":"/resources/mit6_s096_iap13_assn3_sol/data.json","62024122-c82c-d8dd-dade-4ceb1b4e1f83":"/resources/draw_text/data.json","66ba4420-12a6-1549-5e33-42c9cfdf9aa2":"/pages/lectures-and-assignments/c-memory-management/data.json","6e2abcc9-4432-f7d6-1ed8-3526d169e12b":"/resources/p1_grades/data.json","74c1b332-7e60-2e18-1ba7-1b2efb2b39fd":"/resources/assn1/data.json","792c0821-cf28-9a0b-8cf4-e3494e997df5":"/resources/mit6_s096_iap13_lec6/data.json","812a4e8f-7a2b-5a43-5bad-362fd23ad377":"/resources/mit6_s096_iap13_lec2/data.json","814892a7-f0b4-b32c-2b3a-66b5f9e496c7":"/resources/mit6_s096_iap13_assn1_sol/data.json","88c1c1ed-a954-9b63-8921-e7bc588469b5":"/resources/payload/data.json","8c771098-eeb1-37e4-ad84-32b82d3a4dd9":"/resources/assn4/data.json","95373ee7-c310-c36e-3ac2-a00d9b23d8bf":"/pages/final-project/starter-kit/data.json","a915d672-bc40-b14f-7a00-da9ac00d69d4":"/resources/p2_templates/data.json","b3ef0975-08f4-37ed-8fbe-d839cfaa1e5d":"/pages/lectures-and-assignments/data-structures-debugging/data.json","bba9056d-5290-198d-563e-dc47dfcff0e9":"/resources/mit6_s096_iap13_lec3/data.json","bf997211-df40-0d14-b504-e4c0815c6d44":"/resources/sort/data.json","c29694eb-48a3-f019-87f8-5abba846e51d":"/resources/6-s096iap13-th/data.json","c9d5adc7-5b85-7df4-4582-fc9ce339dd56":"/resources/lines/data.json","dc7d141c-8653-52ed-ae25-09739884f34e":"/resources/6-s096iap13/data.json","f0acd411-10d1-ccdc-6d70-3d6ea2bfac40":"/pages/lectures-and-assignments/compilation-pipeline/data.json","f6afd55a-3350-f806-04e5-f89e1f90cc5f":"/pages/lectures-and-assignments/c-introduction-classes-and-templates/data.json","f70e7442-f692-8d5e-4454-66e50eba0b4f":"/pages/lectures-and-assignments/c-inheritance/data.json","fa125236-3414-ff23-580c-2b924da60e3e":"/resources/mit6_s096_iap13_lec1/data.json"}