{
  "title":"6-s096iap13.jpg",
  "description": "Learn the safe ways to cast cats (and other C++ objects) in lecture 7. Photographs by Rachel Macniven and James Moberg on Flickr.",
  "file": "/courses/6-s096-introduction-to-c-and-c-january-iap-2013/dc7d141c865352edae2509739884f34e_6-s096iap13.jpg",
  "learning_resource_types": [],
  "resource_type": "Image",
  "file_type": "image/jpeg",
  "image_metadata": {"caption":"Learn the safe ways to cast cats (and other C++ objects) in lecture 7. (Photographs by [Rachel Macniven](http://www.flickr.com/photos/thedinglydell/6145011968) and James Moberg on Flickr.)","credit":"Photographs by Rachel Macniven and James Moberg on Flickr.","image-alt":"A composite image with C++ code on top, and photographs of a tiger and Persian cat below."}}
