{
  "title":"search_tree.jpg",
  "description": "Diagram with four nodes. Image by MIT OpenCourseWare.",
  "file": "/courses/6-s096-introduction-to-c-and-c-january-iap-2013/28cf127cdbcf78a71f824241bee5be86_search_tree.jpg",
  "learning_resource_types": [],
  "resource_type": "Image",
  "file_type": "image/jpeg",
  "image_metadata": {"caption":"Diagram with four nodes.","credit":"Image by MIT OpenCourseWare.","image-alt":"A binary search tree with four nodes. In this diagram, each node is represented by boxes labeled ID, Payload, Left, and Right."}}
